Text	Lang with Prob
Bonjour tout le monde!	[fr:0.9999974794430688]
Hola, ¿cómo estás?	[es:0.9999975717267942]
Hello, how are you?	[en:0.9999983858709218]
नमस्ते, आप कैसे हैं?	[hi:0.9999969645197675]
你好，你怎么样？	[zh-cn:0.9999960366885836]
نن ټوله ورځ باران ورېده	[fa:0.9999950122665349]
Hallo, wie gehts?	[de:0.9999946290084416]
olá, como vai	[pt:0.999995387007185]
